{
  "project_info": {
    "project_number": "313103636036",
    "project_id": "barsukpr20v2",
    "storage_bucket": "barsukpr20v2.appspot.com"
  },
  "client": [
    {
      "client_info": {
        "mobilesdk_app_id": "1:313103636036:android:50854c42d4b0ef02fcce11",
        "android_client_info": {
          "package_name": "com.example.barsukpr20v2"
        }
      },
      "oauth_client": [],
      "api_key": [
        {
          "current_key": "AIzaSyAiPofTsNdVRVte_frsRgw9rMwu5fYMMHg"
        }
      ],
      "services": {
        "appinvite_service": {
          "other_platform_oauth_client": []
        }
      }
    }
  ],
  "configuration_version": "1"
}